sentence,intent,value,intent_value,intent_code,score,update_type,update_time
cheap price,price,low,low price,0,,baseline,2021-06-21 09:36:43.013885
cheap cost,price,low,low price,0,,baseline,2021-06-21 09:36:43.013885
cheap amount,price,low,low price,0,,baseline,2021-06-21 09:36:43.013885
cheap pay,price,low,low price,0,,baseline,2021-06-21 09:36:43.013885
cheap money,price,low,low price,0,,baseline,2021-06-21 09:36:43.013885
cheap spend,price,low,low price,0,,baseline,2021-06-21 09:36:43.013885
cheap charge,price,low,low price,0,,baseline,2021-06-21 09:36:43.013885
inexpensive price,price,low,low price,0,,baseline,2021-06-21 09:36:43.013885
inexpensive cost,price,low,low price,0,,baseline,2021-06-21 09:36:43.013885
inexpensive amount,price,low,low price,0,,baseline,2021-06-21 09:36:43.013885
inexpensive pay,price,low,low price,0,,baseline,2021-06-21 09:36:43.013885
inexpensive money,price,low,low price,0,,baseline,2021-06-21 09:36:43.013885
inexpensive spend,price,low,low price,0,,baseline,2021-06-21 09:36:43.013885
inexpensive charge,price,low,low price,0,,baseline,2021-06-21 09:36:43.013885
simple price,price,low,low price,0,,baseline,2021-06-21 09:36:43.013885
simple cost,price,low,low price,0,,baseline,2021-06-21 09:36:43.013885
simple amount,price,low,low price,0,,baseline,2021-06-21 09:36:43.013885
simple pay,price,low,low price,0,,baseline,2021-06-21 09:36:43.013885
simple money,price,low,low price,0,,baseline,2021-06-21 09:36:43.013885
simple spend,price,low,low price,0,,baseline,2021-06-21 09:36:43.013885
simple charge,price,low,low price,0,,baseline,2021-06-21 09:36:43.013885
poor price,price,low,low price,0,,baseline,2021-06-21 09:36:43.013885
poor cost,price,low,low price,0,,baseline,2021-06-21 09:36:43.013885
poor amount,price,low,low price,0,,baseline,2021-06-21 09:36:43.013885
poor pay,price,low,low price,0,,baseline,2021-06-21 09:36:43.013885
poor money,price,low,low price,0,,baseline,2021-06-21 09:36:43.013885
poor spend,price,low,low price,0,,baseline,2021-06-21 09:36:43.013885
poor charge,price,low,low price,0,,baseline,2021-06-21 09:36:43.013885
rip-off price,price,low,low price,0,,baseline,2021-06-21 09:36:43.013885
rip-off cost,price,low,low price,0,,baseline,2021-06-21 09:36:43.013885
rip-off amount,price,low,low price,0,,baseline,2021-06-21 09:36:43.013885
rip-off pay,price,low,low price,0,,baseline,2021-06-21 09:36:43.013885
rip-off money,price,low,low price,0,,baseline,2021-06-21 09:36:43.013885
rip-off spend,price,low,low price,0,,baseline,2021-06-21 09:36:43.013885
rip-off charge,price,low,low price,0,,baseline,2021-06-21 09:36:43.013885
over priced price,price,low,low price,0,,baseline,2021-06-21 09:36:43.013885
over priced cost,price,low,low price,0,,baseline,2021-06-21 09:36:43.013885
over priced amount,price,low,low price,0,,baseline,2021-06-21 09:36:43.013885
over priced pay,price,low,low price,0,,baseline,2021-06-21 09:36:43.013885
over priced money,price,low,low price,0,,baseline,2021-06-21 09:36:43.013885
over priced spend,price,low,low price,0,,baseline,2021-06-21 09:36:43.013885
over priced charge,price,low,low price,0,,baseline,2021-06-21 09:36:43.013885
low price,price,low,low price,0,,baseline,2021-06-21 09:36:43.013885
low cost,price,low,low price,0,,baseline,2021-06-21 09:36:43.013885
low amount,price,low,low price,0,,baseline,2021-06-21 09:36:43.013885
low pay,price,low,low price,0,,baseline,2021-06-21 09:36:43.013885
low money,price,low,low price,0,,baseline,2021-06-21 09:36:43.013885
low spend,price,low,low price,0,,baseline,2021-06-21 09:36:43.013885
low charge,price,low,low price,0,,baseline,2021-06-21 09:36:43.013885
budget price,price,low,low price,0,,baseline,2021-06-21 09:36:43.013885
budget cost,price,low,low price,0,,baseline,2021-06-21 09:36:43.013885
budget amount,price,low,low price,0,,baseline,2021-06-21 09:36:43.013885
budget pay,price,low,low price,0,,baseline,2021-06-21 09:36:43.013885
budget money,price,low,low price,0,,baseline,2021-06-21 09:36:43.013885
budget spend,price,low,low price,0,,baseline,2021-06-21 09:36:43.013885
budget charge,price,low,low price,0,,baseline,2021-06-21 09:36:43.013885
economical price,price,low,low price,0,,baseline,2021-06-21 09:36:43.013885
economical cost,price,low,low price,0,,baseline,2021-06-21 09:36:43.013885
economical amount,price,low,low price,0,,baseline,2021-06-21 09:36:43.013885
economical pay,price,low,low price,0,,baseline,2021-06-21 09:36:43.013885
economical money,price,low,low price,0,,baseline,2021-06-21 09:36:43.013885
economical spend,price,low,low price,0,,baseline,2021-06-21 09:36:43.013885
economical charge,price,low,low price,0,,baseline,2021-06-21 09:36:43.013885
saving price,price,low,low price,0,,baseline,2021-06-21 09:36:43.013885
saving cost,price,low,low price,0,,baseline,2021-06-21 09:36:43.013885
saving amount,price,low,low price,0,,baseline,2021-06-21 09:36:43.013885
saving pay,price,low,low price,0,,baseline,2021-06-21 09:36:43.013885
saving money,price,low,low price,0,,baseline,2021-06-21 09:36:43.013885
saving spend,price,low,low price,0,,baseline,2021-06-21 09:36:43.013885
saving charge,price,low,low price,0,,baseline,2021-06-21 09:36:43.013885
cost-effective price,price,low,low price,0,,baseline,2021-06-21 09:36:43.013885
cost-effective cost,price,low,low price,0,,baseline,2021-06-21 09:36:43.013885
cost-effective amount,price,low,low price,0,,baseline,2021-06-21 09:36:43.013885
cost-effective pay,price,low,low price,0,,baseline,2021-06-21 09:36:43.013885
cost-effective money,price,low,low price,0,,baseline,2021-06-21 09:36:43.013885
cost-effective spend,price,low,low price,0,,baseline,2021-06-21 09:36:43.013885
cost-effective charge,price,low,low price,0,,baseline,2021-06-21 09:36:43.013885
practical price,price,low,low price,0,,baseline,2021-06-21 09:36:43.013885
practical cost,price,low,low price,0,,baseline,2021-06-21 09:36:43.013885
practical amount,price,low,low price,0,,baseline,2021-06-21 09:36:43.013885
practical pay,price,low,low price,0,,baseline,2021-06-21 09:36:43.013885
practical money,price,low,low price,0,,baseline,2021-06-21 09:36:43.013885
practical spend,price,low,low price,0,,baseline,2021-06-21 09:36:43.013885
practical charge,price,low,low price,0,,baseline,2021-06-21 09:36:43.013885
prudent price,price,low,low price,0,,baseline,2021-06-21 09:36:43.013885
prudent cost,price,low,low price,0,,baseline,2021-06-21 09:36:43.013885
prudent amount,price,low,low price,0,,baseline,2021-06-21 09:36:43.013885
prudent pay,price,low,low price,0,,baseline,2021-06-21 09:36:43.013885
prudent money,price,low,low price,0,,baseline,2021-06-21 09:36:43.013885
prudent spend,price,low,low price,0,,baseline,2021-06-21 09:36:43.013885
prudent charge,price,low,low price,0,,baseline,2021-06-21 09:36:43.013885
thrifty price,price,low,low price,0,,baseline,2021-06-21 09:36:43.013885
thrifty cost,price,low,low price,0,,baseline,2021-06-21 09:36:43.013885
thrifty amount,price,low,low price,0,,baseline,2021-06-21 09:36:43.013885
thrifty pay,price,low,low price,0,,baseline,2021-06-21 09:36:43.013885
thrifty money,price,low,low price,0,,baseline,2021-06-21 09:36:43.013885
thrifty spend,price,low,low price,0,,baseline,2021-06-21 09:36:43.013885
thrifty charge,price,low,low price,0,,baseline,2021-06-21 09:36:43.013885
careful price,price,low,low price,0,,baseline,2021-06-21 09:36:43.013885
careful cost,price,low,low price,0,,baseline,2021-06-21 09:36:43.013885
careful amount,price,low,low price,0,,baseline,2021-06-21 09:36:43.013885
careful pay,price,low,low price,0,,baseline,2021-06-21 09:36:43.013885
careful money,price,low,low price,0,,baseline,2021-06-21 09:36:43.013885
careful spend,price,low,low price,0,,baseline,2021-06-21 09:36:43.013885
careful charge,price,low,low price,0,,baseline,2021-06-21 09:36:43.013885
cautious price,price,low,low price,0,,baseline,2021-06-21 09:36:43.013885
cautious cost,price,low,low price,0,,baseline,2021-06-21 09:36:43.013885
cautious amount,price,low,low price,0,,baseline,2021-06-21 09:36:43.013885
cautious pay,price,low,low price,0,,baseline,2021-06-21 09:36:43.013885
cautious money,price,low,low price,0,,baseline,2021-06-21 09:36:43.013885
cautious spend,price,low,low price,0,,baseline,2021-06-21 09:36:43.013885
cautious charge,price,low,low price,0,,baseline,2021-06-21 09:36:43.013885
casual price,price,low,low price,0,,baseline,2021-06-21 09:36:43.013885
casual cost,price,low,low price,0,,baseline,2021-06-21 09:36:43.013885
casual amount,price,low,low price,0,,baseline,2021-06-21 09:36:43.013885
casual pay,price,low,low price,0,,baseline,2021-06-21 09:36:43.013885
casual money,price,low,low price,0,,baseline,2021-06-21 09:36:43.013885
casual spend,price,low,low price,0,,baseline,2021-06-21 09:36:43.013885
casual charge,price,low,low price,0,,baseline,2021-06-21 09:36:43.013885
comfortable price,price,low,low price,0,,baseline,2021-06-21 09:36:43.013885
comfortable cost,price,low,low price,0,,baseline,2021-06-21 09:36:43.013885
comfortable amount,price,low,low price,0,,baseline,2021-06-21 09:36:43.013885
comfortable pay,price,low,low price,0,,baseline,2021-06-21 09:36:43.013885
comfortable money,price,low,low price,0,,baseline,2021-06-21 09:36:43.013885
comfortable spend,price,low,low price,0,,baseline,2021-06-21 09:36:43.013885
comfortable charge,price,low,low price,0,,baseline,2021-06-21 09:36:43.013885
little price,price,low,low price,0,,baseline,2021-06-21 09:36:43.013885
little cost,price,low,low price,0,,baseline,2021-06-21 09:36:43.013885
little amount,price,low,low price,0,,baseline,2021-06-21 09:36:43.013885
little pay,price,low,low price,0,,baseline,2021-06-21 09:36:43.013885
little money,price,low,low price,0,,baseline,2021-06-21 09:36:43.013885
little spend,price,low,low price,0,,baseline,2021-06-21 09:36:43.013885
little charge,price,low,low price,0,,baseline,2021-06-21 09:36:43.013885
minimal price,price,low,low price,0,,baseline,2021-06-21 09:36:43.013885
minimal cost,price,low,low price,0,,baseline,2021-06-21 09:36:43.013885
minimal amount,price,low,low price,0,,baseline,2021-06-21 09:36:43.013885
minimal pay,price,low,low price,0,,baseline,2021-06-21 09:36:43.013885
minimal money,price,low,low price,0,,baseline,2021-06-21 09:36:43.013885
minimal spend,price,low,low price,0,,baseline,2021-06-21 09:36:43.013885
minimal charge,price,low,low price,0,,baseline,2021-06-21 09:36:43.013885
small price,price,low,low price,0,,baseline,2021-06-21 09:36:43.013885
small cost,price,low,low price,0,,baseline,2021-06-21 09:36:43.013885
small amount,price,low,low price,0,,baseline,2021-06-21 09:36:43.013885
small pay,price,low,low price,0,,baseline,2021-06-21 09:36:43.013885
small money,price,low,low price,0,,baseline,2021-06-21 09:36:43.013885
small spend,price,low,low price,0,,baseline,2021-06-21 09:36:43.013885
small charge,price,low,low price,0,,baseline,2021-06-21 09:36:43.013885
less price,price,low,low price,0,,baseline,2021-06-21 09:36:43.013885
less cost,price,low,low price,0,,baseline,2021-06-21 09:36:43.013885
less amount,price,low,low price,0,,baseline,2021-06-21 09:36:43.013885
less pay,price,low,low price,0,,baseline,2021-06-21 09:36:43.013885
less money,price,low,low price,0,,baseline,2021-06-21 09:36:43.013885
less spend,price,low,low price,0,,baseline,2021-06-21 09:36:43.013885
less charge,price,low,low price,0,,baseline,2021-06-21 09:36:43.013885
competitive price,price,low,low price,0,,baseline,2021-06-21 09:36:43.013885
competitive cost,price,low,low price,0,,baseline,2021-06-21 09:36:43.013885
competitive amount,price,low,low price,0,,baseline,2021-06-21 09:36:43.013885
competitive pay,price,low,low price,0,,baseline,2021-06-21 09:36:43.013885
competitive money,price,low,low price,0,,baseline,2021-06-21 09:36:43.013885
competitive spend,price,low,low price,0,,baseline,2021-06-21 09:36:43.013885
competitive charge,price,low,low price,0,,baseline,2021-06-21 09:36:43.013885
bargain price,price,low,low price,0,,baseline,2021-06-21 09:36:43.013885
bargain cost,price,low,low price,0,,baseline,2021-06-21 09:36:43.013885
bargain amount,price,low,low price,0,,baseline,2021-06-21 09:36:43.013885
bargain pay,price,low,low price,0,,baseline,2021-06-21 09:36:43.013885
bargain money,price,low,low price,0,,baseline,2021-06-21 09:36:43.013885
bargain spend,price,low,low price,0,,baseline,2021-06-21 09:36:43.013885
bargain charge,price,low,low price,0,,baseline,2021-06-21 09:36:43.013885
cut price,price,low,low price,0,,baseline,2021-06-21 09:36:43.013885
cut cost,price,low,low price,0,,baseline,2021-06-21 09:36:43.013885
cut amount,price,low,low price,0,,baseline,2021-06-21 09:36:43.013885
cut pay,price,low,low price,0,,baseline,2021-06-21 09:36:43.013885
cut money,price,low,low price,0,,baseline,2021-06-21 09:36:43.013885
cut spend,price,low,low price,0,,baseline,2021-06-21 09:36:43.013885
cut charge,price,low,low price,0,,baseline,2021-06-21 09:36:43.013885
half price,price,low,low price,0,,baseline,2021-06-21 09:36:43.013885
half cost,price,low,low price,0,,baseline,2021-06-21 09:36:43.013885
half amount,price,low,low price,0,,baseline,2021-06-21 09:36:43.013885
half pay,price,low,low price,0,,baseline,2021-06-21 09:36:43.013885
half money,price,low,low price,0,,baseline,2021-06-21 09:36:43.013885
half spend,price,low,low price,0,,baseline,2021-06-21 09:36:43.013885
half charge,price,low,low price,0,,baseline,2021-06-21 09:36:43.013885
dime price,price,low,low price,0,,baseline,2021-06-21 09:36:43.013885
dime cost,price,low,low price,0,,baseline,2021-06-21 09:36:43.013885
dime amount,price,low,low price,0,,baseline,2021-06-21 09:36:43.013885
dime pay,price,low,low price,0,,baseline,2021-06-21 09:36:43.013885
dime money,price,low,low price,0,,baseline,2021-06-21 09:36:43.013885
dime spend,price,low,low price,0,,baseline,2021-06-21 09:36:43.013885
dime charge,price,low,low price,0,,baseline,2021-06-21 09:36:43.013885
sale price,price,low,low price,0,,baseline,2021-06-21 09:36:43.013885
sale cost,price,low,low price,0,,baseline,2021-06-21 09:36:43.013885
sale amount,price,low,low price,0,,baseline,2021-06-21 09:36:43.013885
sale pay,price,low,low price,0,,baseline,2021-06-21 09:36:43.013885
sale money,price,low,low price,0,,baseline,2021-06-21 09:36:43.013885
sale spend,price,low,low price,0,,baseline,2021-06-21 09:36:43.013885
sale charge,price,low,low price,0,,baseline,2021-06-21 09:36:43.013885
uncostly price,price,low,low price,0,,baseline,2021-06-21 09:36:43.013885
uncostly cost,price,low,low price,0,,baseline,2021-06-21 09:36:43.013885
uncostly amount,price,low,low price,0,,baseline,2021-06-21 09:36:43.013885
uncostly pay,price,low,low price,0,,baseline,2021-06-21 09:36:43.013885
uncostly money,price,low,low price,0,,baseline,2021-06-21 09:36:43.013885
uncostly spend,price,low,low price,0,,baseline,2021-06-21 09:36:43.013885
uncostly charge,price,low,low price,0,,baseline,2021-06-21 09:36:43.013885
easy price,price,low,low price,0,,baseline,2021-06-21 09:36:43.013885
easy cost,price,low,low price,0,,baseline,2021-06-21 09:36:43.013885
easy amount,price,low,low price,0,,baseline,2021-06-21 09:36:43.013885
easy pay,price,low,low price,0,,baseline,2021-06-21 09:36:43.013885
easy money,price,low,low price,0,,baseline,2021-06-21 09:36:43.013885
easy spend,price,low,low price,0,,baseline,2021-06-21 09:36:43.013885
easy charge,price,low,low price,0,,baseline,2021-06-21 09:36:43.013885
penny price,price,low,low price,0,,baseline,2021-06-21 09:36:43.013885
penny cost,price,low,low price,0,,baseline,2021-06-21 09:36:43.013885
penny amount,price,low,low price,0,,baseline,2021-06-21 09:36:43.013885
penny pay,price,low,low price,0,,baseline,2021-06-21 09:36:43.013885
penny money,price,low,low price,0,,baseline,2021-06-21 09:36:43.013885
penny spend,price,low,low price,0,,baseline,2021-06-21 09:36:43.013885
penny charge,price,low,low price,0,,baseline,2021-06-21 09:36:43.013885
modest price,price,low,low price,0,,baseline,2021-06-21 09:36:43.013885
modest cost,price,low,low price,0,,baseline,2021-06-21 09:36:43.013885
modest amount,price,low,low price,0,,baseline,2021-06-21 09:36:43.013885
modest pay,price,low,low price,0,,baseline,2021-06-21 09:36:43.013885
modest money,price,low,low price,0,,baseline,2021-06-21 09:36:43.013885
modest spend,price,low,low price,0,,baseline,2021-06-21 09:36:43.013885
modest charge,price,low,low price,0,,baseline,2021-06-21 09:36:43.013885
basic price,price,low,low price,0,,baseline,2021-06-21 09:36:43.013885
basic cost,price,low,low price,0,,baseline,2021-06-21 09:36:43.013885
basic amount,price,low,low price,0,,baseline,2021-06-21 09:36:43.013885
basic pay,price,low,low price,0,,baseline,2021-06-21 09:36:43.013885
basic money,price,low,low price,0,,baseline,2021-06-21 09:36:43.013885
basic spend,price,low,low price,0,,baseline,2021-06-21 09:36:43.013885
basic charge,price,low,low price,0,,baseline,2021-06-21 09:36:43.013885
ordinary price,price,low,low price,0,,baseline,2021-06-21 09:36:43.013885
ordinary cost,price,low,low price,0,,baseline,2021-06-21 09:36:43.013885
ordinary amount,price,low,low price,0,,baseline,2021-06-21 09:36:43.013885
ordinary pay,price,low,low price,0,,baseline,2021-06-21 09:36:43.013885
ordinary money,price,low,low price,0,,baseline,2021-06-21 09:36:43.013885
ordinary spend,price,low,low price,0,,baseline,2021-06-21 09:36:43.013885
ordinary charge,price,low,low price,0,,baseline,2021-06-21 09:36:43.013885
reasonable price,price,medium,medium price,1,,baseline,2021-06-21 09:36:43.013885
reasonable cost,price,medium,medium price,1,,baseline,2021-06-21 09:36:43.013885
reasonable amount,price,medium,medium price,1,,baseline,2021-06-21 09:36:43.013885
reasonable pay,price,medium,medium price,1,,baseline,2021-06-21 09:36:43.013885
reasonable money,price,medium,medium price,1,,baseline,2021-06-21 09:36:43.013885
reasonable spend,price,medium,medium price,1,,baseline,2021-06-21 09:36:43.013885
reasonable charge,price,medium,medium price,1,,baseline,2021-06-21 09:36:43.013885
standard price,price,medium,medium price,1,,baseline,2021-06-21 09:36:43.013885
standard cost,price,medium,medium price,1,,baseline,2021-06-21 09:36:43.013885
standard amount,price,medium,medium price,1,,baseline,2021-06-21 09:36:43.013885
standard pay,price,medium,medium price,1,,baseline,2021-06-21 09:36:43.013885
standard money,price,medium,medium price,1,,baseline,2021-06-21 09:36:43.013885
standard spend,price,medium,medium price,1,,baseline,2021-06-21 09:36:43.013885
standard charge,price,medium,medium price,1,,baseline,2021-06-21 09:36:43.013885
normal price,price,medium,medium price,1,,baseline,2021-06-21 09:36:43.013885
normal cost,price,medium,medium price,1,,baseline,2021-06-21 09:36:43.013885
normal amount,price,medium,medium price,1,,baseline,2021-06-21 09:36:43.013885
normal pay,price,medium,medium price,1,,baseline,2021-06-21 09:36:43.013885
normal money,price,medium,medium price,1,,baseline,2021-06-21 09:36:43.013885
normal spend,price,medium,medium price,1,,baseline,2021-06-21 09:36:43.013885
normal charge,price,medium,medium price,1,,baseline,2021-06-21 09:36:43.013885
acceptable price,price,medium,medium price,1,,baseline,2021-06-21 09:36:43.013885
acceptable cost,price,medium,medium price,1,,baseline,2021-06-21 09:36:43.013885
acceptable amount,price,medium,medium price,1,,baseline,2021-06-21 09:36:43.013885
acceptable pay,price,medium,medium price,1,,baseline,2021-06-21 09:36:43.013885
acceptable money,price,medium,medium price,1,,baseline,2021-06-21 09:36:43.013885
acceptable spend,price,medium,medium price,1,,baseline,2021-06-21 09:36:43.013885
acceptable charge,price,medium,medium price,1,,baseline,2021-06-21 09:36:43.013885
typical price,price,medium,medium price,1,,baseline,2021-06-21 09:36:43.013885
typical cost,price,medium,medium price,1,,baseline,2021-06-21 09:36:43.013885
typical amount,price,medium,medium price,1,,baseline,2021-06-21 09:36:43.013885
typical pay,price,medium,medium price,1,,baseline,2021-06-21 09:36:43.013885
typical money,price,medium,medium price,1,,baseline,2021-06-21 09:36:43.013885
typical spend,price,medium,medium price,1,,baseline,2021-06-21 09:36:43.013885
typical charge,price,medium,medium price,1,,baseline,2021-06-21 09:36:43.013885
usual price,price,medium,medium price,1,,baseline,2021-06-21 09:36:43.013885
usual cost,price,medium,medium price,1,,baseline,2021-06-21 09:36:43.013885
usual amount,price,medium,medium price,1,,baseline,2021-06-21 09:36:43.013885
usual pay,price,medium,medium price,1,,baseline,2021-06-21 09:36:43.013885
usual money,price,medium,medium price,1,,baseline,2021-06-21 09:36:43.013885
usual spend,price,medium,medium price,1,,baseline,2021-06-21 09:36:43.013885
usual charge,price,medium,medium price,1,,baseline,2021-06-21 09:36:43.013885
anything price,price,medium,medium price,1,,baseline,2021-06-21 09:36:43.013885
anything cost,price,medium,medium price,1,,baseline,2021-06-21 09:36:43.013885
anything amount,price,medium,medium price,1,,baseline,2021-06-21 09:36:43.013885
anything pay,price,medium,medium price,1,,baseline,2021-06-21 09:36:43.013885
anything money,price,medium,medium price,1,,baseline,2021-06-21 09:36:43.013885
anything spend,price,medium,medium price,1,,baseline,2021-06-21 09:36:43.013885
anything charge,price,medium,medium price,1,,baseline,2021-06-21 09:36:43.013885
any price,price,medium,medium price,1,,baseline,2021-06-21 09:36:43.013885
any cost,price,medium,medium price,1,,baseline,2021-06-21 09:36:43.013885
any amount,price,medium,medium price,1,,baseline,2021-06-21 09:36:43.013885
any pay,price,medium,medium price,1,,baseline,2021-06-21 09:36:43.013885
any money,price,medium,medium price,1,,baseline,2021-06-21 09:36:43.013885
any spend,price,medium,medium price,1,,baseline,2021-06-21 09:36:43.013885
any charge,price,medium,medium price,1,,baseline,2021-06-21 09:36:43.013885
whatever price,price,medium,medium price,1,,baseline,2021-06-21 09:36:43.013885
whatever cost,price,medium,medium price,1,,baseline,2021-06-21 09:36:43.013885
whatever amount,price,medium,medium price,1,,baseline,2021-06-21 09:36:43.013885
whatever pay,price,medium,medium price,1,,baseline,2021-06-21 09:36:43.013885
whatever money,price,medium,medium price,1,,baseline,2021-06-21 09:36:43.013885
whatever spend,price,medium,medium price,1,,baseline,2021-06-21 09:36:43.013885
whatever charge,price,medium,medium price,1,,baseline,2021-06-21 09:36:43.013885
not important price,price,medium,medium price,1,,baseline,2021-06-21 09:36:43.013885
not important cost,price,medium,medium price,1,,baseline,2021-06-21 09:36:43.013885
not important amount,price,medium,medium price,1,,baseline,2021-06-21 09:36:43.013885
not important pay,price,medium,medium price,1,,baseline,2021-06-21 09:36:43.013885
not important money,price,medium,medium price,1,,baseline,2021-06-21 09:36:43.013885
not important spend,price,medium,medium price,1,,baseline,2021-06-21 09:36:43.013885
not important charge,price,medium,medium price,1,,baseline,2021-06-21 09:36:43.013885
all kinds price,price,medium,medium price,1,,baseline,2021-06-21 09:36:43.013885
all kinds cost,price,medium,medium price,1,,baseline,2021-06-21 09:36:43.013885
all kinds amount,price,medium,medium price,1,,baseline,2021-06-21 09:36:43.013885
all kinds pay,price,medium,medium price,1,,baseline,2021-06-21 09:36:43.013885
all kinds money,price,medium,medium price,1,,baseline,2021-06-21 09:36:43.013885
all kinds spend,price,medium,medium price,1,,baseline,2021-06-21 09:36:43.013885
all kinds charge,price,medium,medium price,1,,baseline,2021-06-21 09:36:43.013885
all sort price,price,medium,medium price,1,,baseline,2021-06-21 09:36:43.013885
all sort cost,price,medium,medium price,1,,baseline,2021-06-21 09:36:43.013885
all sort amount,price,medium,medium price,1,,baseline,2021-06-21 09:36:43.013885
all sort pay,price,medium,medium price,1,,baseline,2021-06-21 09:36:43.013885
all sort money,price,medium,medium price,1,,baseline,2021-06-21 09:36:43.013885
all sort spend,price,medium,medium price,1,,baseline,2021-06-21 09:36:43.013885
all sort charge,price,medium,medium price,1,,baseline,2021-06-21 09:36:43.013885
doesn't matter price,price,medium,medium price,1,,baseline,2021-06-21 09:36:43.013885
doesn't matter cost,price,medium,medium price,1,,baseline,2021-06-21 09:36:43.013885
doesn't matter amount,price,medium,medium price,1,,baseline,2021-06-21 09:36:43.013885
doesn't matter pay,price,medium,medium price,1,,baseline,2021-06-21 09:36:43.013885
doesn't matter money,price,medium,medium price,1,,baseline,2021-06-21 09:36:43.013885
doesn't matter spend,price,medium,medium price,1,,baseline,2021-06-21 09:36:43.013885
doesn't matter charge,price,medium,medium price,1,,baseline,2021-06-21 09:36:43.013885
medium price,price,medium,medium price,1,,baseline,2021-06-21 09:36:43.013885
medium cost,price,medium,medium price,1,,baseline,2021-06-21 09:36:43.013885
medium amount,price,medium,medium price,1,,baseline,2021-06-21 09:36:43.013885
medium pay,price,medium,medium price,1,,baseline,2021-06-21 09:36:43.013885
medium money,price,medium,medium price,1,,baseline,2021-06-21 09:36:43.013885
medium spend,price,medium,medium price,1,,baseline,2021-06-21 09:36:43.013885
medium charge,price,medium,medium price,1,,baseline,2021-06-21 09:36:43.013885
mediocre price,price,medium,medium price,1,,baseline,2021-06-21 09:36:43.013885
mediocre cost,price,medium,medium price,1,,baseline,2021-06-21 09:36:43.013885
mediocre amount,price,medium,medium price,1,,baseline,2021-06-21 09:36:43.013885
mediocre pay,price,medium,medium price,1,,baseline,2021-06-21 09:36:43.013885
mediocre money,price,medium,medium price,1,,baseline,2021-06-21 09:36:43.013885
mediocre spend,price,medium,medium price,1,,baseline,2021-06-21 09:36:43.013885
mediocre charge,price,medium,medium price,1,,baseline,2021-06-21 09:36:43.013885
common price,price,medium,medium price,1,,baseline,2021-06-21 09:36:43.013885
common cost,price,medium,medium price,1,,baseline,2021-06-21 09:36:43.013885
common amount,price,medium,medium price,1,,baseline,2021-06-21 09:36:43.013885
common pay,price,medium,medium price,1,,baseline,2021-06-21 09:36:43.013885
common money,price,medium,medium price,1,,baseline,2021-06-21 09:36:43.013885
common spend,price,medium,medium price,1,,baseline,2021-06-21 09:36:43.013885
common charge,price,medium,medium price,1,,baseline,2021-06-21 09:36:43.013885
fair price,price,medium,medium price,1,,baseline,2021-06-21 09:36:43.013885
fair cost,price,medium,medium price,1,,baseline,2021-06-21 09:36:43.013885
fair amount,price,medium,medium price,1,,baseline,2021-06-21 09:36:43.013885
fair pay,price,medium,medium price,1,,baseline,2021-06-21 09:36:43.013885
fair money,price,medium,medium price,1,,baseline,2021-06-21 09:36:43.013885
fair spend,price,medium,medium price,1,,baseline,2021-06-21 09:36:43.013885
fair charge,price,medium,medium price,1,,baseline,2021-06-21 09:36:43.013885
mean price,price,medium,medium price,1,,baseline,2021-06-21 09:36:43.013885
mean cost,price,medium,medium price,1,,baseline,2021-06-21 09:36:43.013885
mean amount,price,medium,medium price,1,,baseline,2021-06-21 09:36:43.013885
mean pay,price,medium,medium price,1,,baseline,2021-06-21 09:36:43.013885
mean money,price,medium,medium price,1,,baseline,2021-06-21 09:36:43.013885
mean spend,price,medium,medium price,1,,baseline,2021-06-21 09:36:43.013885
mean charge,price,medium,medium price,1,,baseline,2021-06-21 09:36:43.013885
so-so price,price,medium,medium price,1,,baseline,2021-06-21 09:36:43.013885
so-so cost,price,medium,medium price,1,,baseline,2021-06-21 09:36:43.013885
so-so amount,price,medium,medium price,1,,baseline,2021-06-21 09:36:43.013885
so-so pay,price,medium,medium price,1,,baseline,2021-06-21 09:36:43.013885
so-so money,price,medium,medium price,1,,baseline,2021-06-21 09:36:43.013885
so-so spend,price,medium,medium price,1,,baseline,2021-06-21 09:36:43.013885
so-so charge,price,medium,medium price,1,,baseline,2021-06-21 09:36:43.013885
average price,price,medium,medium price,1,,baseline,2021-06-21 09:36:43.013885
average cost,price,medium,medium price,1,,baseline,2021-06-21 09:36:43.013885
average amount,price,medium,medium price,1,,baseline,2021-06-21 09:36:43.013885
average pay,price,medium,medium price,1,,baseline,2021-06-21 09:36:43.013885
average money,price,medium,medium price,1,,baseline,2021-06-21 09:36:43.013885
average spend,price,medium,medium price,1,,baseline,2021-06-21 09:36:43.013885
average charge,price,medium,medium price,1,,baseline,2021-06-21 09:36:43.013885
moderate price,price,medium,medium price,1,,baseline,2021-06-21 09:36:43.013885
moderate cost,price,medium,medium price,1,,baseline,2021-06-21 09:36:43.013885
moderate amount,price,medium,medium price,1,,baseline,2021-06-21 09:36:43.013885
moderate pay,price,medium,medium price,1,,baseline,2021-06-21 09:36:43.013885
moderate money,price,medium,medium price,1,,baseline,2021-06-21 09:36:43.013885
moderate spend,price,medium,medium price,1,,baseline,2021-06-21 09:36:43.013885
moderate charge,price,medium,medium price,1,,baseline,2021-06-21 09:36:43.013885
neutral price,price,medium,medium price,1,,baseline,2021-06-21 09:36:43.013885
neutral cost,price,medium,medium price,1,,baseline,2021-06-21 09:36:43.013885
neutral amount,price,medium,medium price,1,,baseline,2021-06-21 09:36:43.013885
neutral pay,price,medium,medium price,1,,baseline,2021-06-21 09:36:43.013885
neutral money,price,medium,medium price,1,,baseline,2021-06-21 09:36:43.013885
neutral spend,price,medium,medium price,1,,baseline,2021-06-21 09:36:43.013885
neutral charge,price,medium,medium price,1,,baseline,2021-06-21 09:36:43.013885
general price,price,medium,medium price,1,,baseline,2021-06-21 09:36:43.013885
general cost,price,medium,medium price,1,,baseline,2021-06-21 09:36:43.013885
general amount,price,medium,medium price,1,,baseline,2021-06-21 09:36:43.013885
general pay,price,medium,medium price,1,,baseline,2021-06-21 09:36:43.013885
general money,price,medium,medium price,1,,baseline,2021-06-21 09:36:43.013885
general spend,price,medium,medium price,1,,baseline,2021-06-21 09:36:43.013885
general charge,price,medium,medium price,1,,baseline,2021-06-21 09:36:43.013885
regular price,price,medium,medium price,1,,baseline,2021-06-21 09:36:43.013885
regular cost,price,medium,medium price,1,,baseline,2021-06-21 09:36:43.013885
regular amount,price,medium,medium price,1,,baseline,2021-06-21 09:36:43.013885
regular pay,price,medium,medium price,1,,baseline,2021-06-21 09:36:43.013885
regular money,price,medium,medium price,1,,baseline,2021-06-21 09:36:43.013885
regular spend,price,medium,medium price,1,,baseline,2021-06-21 09:36:43.013885
regular charge,price,medium,medium price,1,,baseline,2021-06-21 09:36:43.013885
boilerplate price,price,medium,medium price,1,,baseline,2021-06-21 09:36:43.013885
boilerplate cost,price,medium,medium price,1,,baseline,2021-06-21 09:36:43.013885
boilerplate amount,price,medium,medium price,1,,baseline,2021-06-21 09:36:43.013885
boilerplate pay,price,medium,medium price,1,,baseline,2021-06-21 09:36:43.013885
boilerplate money,price,medium,medium price,1,,baseline,2021-06-21 09:36:43.013885
boilerplate spend,price,medium,medium price,1,,baseline,2021-06-21 09:36:43.013885
boilerplate charge,price,medium,medium price,1,,baseline,2021-06-21 09:36:43.013885
value for dollar price,price,medium,medium price,1,,baseline,2021-06-21 09:36:43.013885
value for dollar cost,price,medium,medium price,1,,baseline,2021-06-21 09:36:43.013885
value for dollar amount,price,medium,medium price,1,,baseline,2021-06-21 09:36:43.013885
value for dollar pay,price,medium,medium price,1,,baseline,2021-06-21 09:36:43.013885
value for dollar money,price,medium,medium price,1,,baseline,2021-06-21 09:36:43.013885
value for dollar spend,price,medium,medium price,1,,baseline,2021-06-21 09:36:43.013885
value for dollar charge,price,medium,medium price,1,,baseline,2021-06-21 09:36:43.013885
premium price,price,high,high price,2,,baseline,2021-06-21 09:36:43.013885
premium cost,price,high,high price,2,,baseline,2021-06-21 09:36:43.013885
premium amount,price,high,high price,2,,baseline,2021-06-21 09:36:43.013885
premium pay,price,high,high price,2,,baseline,2021-06-21 09:36:43.013885
premium money,price,high,high price,2,,baseline,2021-06-21 09:36:43.013885
premium spend,price,high,high price,2,,baseline,2021-06-21 09:36:43.013885
premium charge,price,high,high price,2,,baseline,2021-06-21 09:36:43.013885
high price,price,high,high price,2,,baseline,2021-06-21 09:36:43.013885
high cost,price,high,high price,2,,baseline,2021-06-21 09:36:43.013885
high amount,price,high,high price,2,,baseline,2021-06-21 09:36:43.013885
high pay,price,high,high price,2,,baseline,2021-06-21 09:36:43.013885
high money,price,high,high price,2,,baseline,2021-06-21 09:36:43.013885
high spend,price,high,high price,2,,baseline,2021-06-21 09:36:43.013885
high charge,price,high,high price,2,,baseline,2021-06-21 09:36:43.013885
gourmet price,price,high,high price,2,,baseline,2021-06-21 09:36:43.013885
gourmet cost,price,high,high price,2,,baseline,2021-06-21 09:36:43.013885
gourmet amount,price,high,high price,2,,baseline,2021-06-21 09:36:43.013885
gourmet pay,price,high,high price,2,,baseline,2021-06-21 09:36:43.013885
gourmet money,price,high,high price,2,,baseline,2021-06-21 09:36:43.013885
gourmet spend,price,high,high price,2,,baseline,2021-06-21 09:36:43.013885
gourmet charge,price,high,high price,2,,baseline,2021-06-21 09:36:43.013885
fine price,price,high,high price,2,,baseline,2021-06-21 09:36:43.013885
fine cost,price,high,high price,2,,baseline,2021-06-21 09:36:43.013885
fine amount,price,high,high price,2,,baseline,2021-06-21 09:36:43.013885
fine pay,price,high,high price,2,,baseline,2021-06-21 09:36:43.013885
fine money,price,high,high price,2,,baseline,2021-06-21 09:36:43.013885
fine spend,price,high,high price,2,,baseline,2021-06-21 09:36:43.013885
fine charge,price,high,high price,2,,baseline,2021-06-21 09:36:43.013885
top price,price,high,high price,2,,baseline,2021-06-21 09:36:43.013885
top cost,price,high,high price,2,,baseline,2021-06-21 09:36:43.013885
top amount,price,high,high price,2,,baseline,2021-06-21 09:36:43.013885
top pay,price,high,high price,2,,baseline,2021-06-21 09:36:43.013885
top money,price,high,high price,2,,baseline,2021-06-21 09:36:43.013885
top spend,price,high,high price,2,,baseline,2021-06-21 09:36:43.013885
top charge,price,high,high price,2,,baseline,2021-06-21 09:36:43.013885
best price,price,high,high price,2,,baseline,2021-06-21 09:36:43.013885
best cost,price,high,high price,2,,baseline,2021-06-21 09:36:43.013885
best amount,price,high,high price,2,,baseline,2021-06-21 09:36:43.013885
best pay,price,high,high price,2,,baseline,2021-06-21 09:36:43.013885
best money,price,high,high price,2,,baseline,2021-06-21 09:36:43.013885
best spend,price,high,high price,2,,baseline,2021-06-21 09:36:43.013885
best charge,price,high,high price,2,,baseline,2021-06-21 09:36:43.013885
upscale price,price,high,high price,2,,baseline,2021-06-21 09:36:43.013885
upscale cost,price,high,high price,2,,baseline,2021-06-21 09:36:43.013885
upscale amount,price,high,high price,2,,baseline,2021-06-21 09:36:43.013885
upscale pay,price,high,high price,2,,baseline,2021-06-21 09:36:43.013885
upscale money,price,high,high price,2,,baseline,2021-06-21 09:36:43.013885
upscale spend,price,high,high price,2,,baseline,2021-06-21 09:36:43.013885
upscale charge,price,high,high price,2,,baseline,2021-06-21 09:36:43.013885
upper class price,price,high,high price,2,,baseline,2021-06-21 09:36:43.013885
upper class cost,price,high,high price,2,,baseline,2021-06-21 09:36:43.013885
upper class amount,price,high,high price,2,,baseline,2021-06-21 09:36:43.013885
upper class pay,price,high,high price,2,,baseline,2021-06-21 09:36:43.013885
upper class money,price,high,high price,2,,baseline,2021-06-21 09:36:43.013885
upper class spend,price,high,high price,2,,baseline,2021-06-21 09:36:43.013885
upper class charge,price,high,high price,2,,baseline,2021-06-21 09:36:43.013885
expensive price,price,high,high price,2,,baseline,2021-06-21 09:36:43.013885
expensive cost,price,high,high price,2,,baseline,2021-06-21 09:36:43.013885
expensive amount,price,high,high price,2,,baseline,2021-06-21 09:36:43.013885
expensive pay,price,high,high price,2,,baseline,2021-06-21 09:36:43.013885
expensive money,price,high,high price,2,,baseline,2021-06-21 09:36:43.013885
expensive spend,price,high,high price,2,,baseline,2021-06-21 09:36:43.013885
expensive charge,price,high,high price,2,,baseline,2021-06-21 09:36:43.013885
pricey price,price,high,high price,2,,baseline,2021-06-21 09:36:43.013885
pricey cost,price,high,high price,2,,baseline,2021-06-21 09:36:43.013885
pricey amount,price,high,high price,2,,baseline,2021-06-21 09:36:43.013885
pricey pay,price,high,high price,2,,baseline,2021-06-21 09:36:43.013885
pricey money,price,high,high price,2,,baseline,2021-06-21 09:36:43.013885
pricey spend,price,high,high price,2,,baseline,2021-06-21 09:36:43.013885
pricey charge,price,high,high price,2,,baseline,2021-06-21 09:36:43.013885
rich price,price,high,high price,2,,baseline,2021-06-21 09:36:43.013885
rich cost,price,high,high price,2,,baseline,2021-06-21 09:36:43.013885
rich amount,price,high,high price,2,,baseline,2021-06-21 09:36:43.013885
rich pay,price,high,high price,2,,baseline,2021-06-21 09:36:43.013885
rich money,price,high,high price,2,,baseline,2021-06-21 09:36:43.013885
rich spend,price,high,high price,2,,baseline,2021-06-21 09:36:43.013885
rich charge,price,high,high price,2,,baseline,2021-06-21 09:36:43.013885
prestige price,price,high,high price,2,,baseline,2021-06-21 09:36:43.013885
prestige cost,price,high,high price,2,,baseline,2021-06-21 09:36:43.013885
prestige amount,price,high,high price,2,,baseline,2021-06-21 09:36:43.013885
prestige pay,price,high,high price,2,,baseline,2021-06-21 09:36:43.013885
prestige money,price,high,high price,2,,baseline,2021-06-21 09:36:43.013885
prestige spend,price,high,high price,2,,baseline,2021-06-21 09:36:43.013885
prestige charge,price,high,high price,2,,baseline,2021-06-21 09:36:43.013885
esteem price,price,high,high price,2,,baseline,2021-06-21 09:36:43.013885
esteem cost,price,high,high price,2,,baseline,2021-06-21 09:36:43.013885
esteem amount,price,high,high price,2,,baseline,2021-06-21 09:36:43.013885
esteem pay,price,high,high price,2,,baseline,2021-06-21 09:36:43.013885
esteem money,price,high,high price,2,,baseline,2021-06-21 09:36:43.013885
esteem spend,price,high,high price,2,,baseline,2021-06-21 09:36:43.013885
esteem charge,price,high,high price,2,,baseline,2021-06-21 09:36:43.013885
status price,price,high,high price,2,,baseline,2021-06-21 09:36:43.013885
status cost,price,high,high price,2,,baseline,2021-06-21 09:36:43.013885
status amount,price,high,high price,2,,baseline,2021-06-21 09:36:43.013885
status pay,price,high,high price,2,,baseline,2021-06-21 09:36:43.013885
status money,price,high,high price,2,,baseline,2021-06-21 09:36:43.013885
status spend,price,high,high price,2,,baseline,2021-06-21 09:36:43.013885
status charge,price,high,high price,2,,baseline,2021-06-21 09:36:43.013885
celebrity price,price,high,high price,2,,baseline,2021-06-21 09:36:43.013885
celebrity cost,price,high,high price,2,,baseline,2021-06-21 09:36:43.013885
celebrity amount,price,high,high price,2,,baseline,2021-06-21 09:36:43.013885
celebrity pay,price,high,high price,2,,baseline,2021-06-21 09:36:43.013885
celebrity money,price,high,high price,2,,baseline,2021-06-21 09:36:43.013885
celebrity spend,price,high,high price,2,,baseline,2021-06-21 09:36:43.013885
celebrity charge,price,high,high price,2,,baseline,2021-06-21 09:36:43.013885
luxury price,price,high,high price,2,,baseline,2021-06-21 09:36:43.013885
luxury cost,price,high,high price,2,,baseline,2021-06-21 09:36:43.013885
luxury amount,price,high,high price,2,,baseline,2021-06-21 09:36:43.013885
luxury pay,price,high,high price,2,,baseline,2021-06-21 09:36:43.013885
luxury money,price,high,high price,2,,baseline,2021-06-21 09:36:43.013885
luxury spend,price,high,high price,2,,baseline,2021-06-21 09:36:43.013885
luxury charge,price,high,high price,2,,baseline,2021-06-21 09:36:43.013885
affluence price,price,high,high price,2,,baseline,2021-06-21 09:36:43.013885
affluence cost,price,high,high price,2,,baseline,2021-06-21 09:36:43.013885
affluence amount,price,high,high price,2,,baseline,2021-06-21 09:36:43.013885
affluence pay,price,high,high price,2,,baseline,2021-06-21 09:36:43.013885
affluence money,price,high,high price,2,,baseline,2021-06-21 09:36:43.013885
affluence spend,price,high,high price,2,,baseline,2021-06-21 09:36:43.013885
affluence charge,price,high,high price,2,,baseline,2021-06-21 09:36:43.013885
richness price,price,high,high price,2,,baseline,2021-06-21 09:36:43.013885
richness cost,price,high,high price,2,,baseline,2021-06-21 09:36:43.013885
richness amount,price,high,high price,2,,baseline,2021-06-21 09:36:43.013885
richness pay,price,high,high price,2,,baseline,2021-06-21 09:36:43.013885
richness money,price,high,high price,2,,baseline,2021-06-21 09:36:43.013885
richness spend,price,high,high price,2,,baseline,2021-06-21 09:36:43.013885
richness charge,price,high,high price,2,,baseline,2021-06-21 09:36:43.013885
extravagance price,price,high,high price,2,,baseline,2021-06-21 09:36:43.013885
extravagance cost,price,high,high price,2,,baseline,2021-06-21 09:36:43.013885
extravagance amount,price,high,high price,2,,baseline,2021-06-21 09:36:43.013885
extravagance pay,price,high,high price,2,,baseline,2021-06-21 09:36:43.013885
extravagance money,price,high,high price,2,,baseline,2021-06-21 09:36:43.013885
extravagance spend,price,high,high price,2,,baseline,2021-06-21 09:36:43.013885
extravagance charge,price,high,high price,2,,baseline,2021-06-21 09:36:43.013885
delight price,price,high,high price,2,,baseline,2021-06-21 09:36:43.013885
delight cost,price,high,high price,2,,baseline,2021-06-21 09:36:43.013885
delight amount,price,high,high price,2,,baseline,2021-06-21 09:36:43.013885
delight pay,price,high,high price,2,,baseline,2021-06-21 09:36:43.013885
delight money,price,high,high price,2,,baseline,2021-06-21 09:36:43.013885
delight spend,price,high,high price,2,,baseline,2021-06-21 09:36:43.013885
delight charge,price,high,high price,2,,baseline,2021-06-21 09:36:43.013885
deluxe price,price,high,high price,2,,baseline,2021-06-21 09:36:43.013885
deluxe cost,price,high,high price,2,,baseline,2021-06-21 09:36:43.013885
deluxe amount,price,high,high price,2,,baseline,2021-06-21 09:36:43.013885
deluxe pay,price,high,high price,2,,baseline,2021-06-21 09:36:43.013885
deluxe money,price,high,high price,2,,baseline,2021-06-21 09:36:43.013885
deluxe spend,price,high,high price,2,,baseline,2021-06-21 09:36:43.013885
deluxe charge,price,high,high price,2,,baseline,2021-06-21 09:36:43.013885
fancy price,price,high,high price,2,,baseline,2021-06-21 09:36:43.013885
fancy cost,price,high,high price,2,,baseline,2021-06-21 09:36:43.013885
fancy amount,price,high,high price,2,,baseline,2021-06-21 09:36:43.013885
fancy pay,price,high,high price,2,,baseline,2021-06-21 09:36:43.013885
fancy money,price,high,high price,2,,baseline,2021-06-21 09:36:43.013885
fancy spend,price,high,high price,2,,baseline,2021-06-21 09:36:43.013885
fancy charge,price,high,high price,2,,baseline,2021-06-21 09:36:43.013885
lavish price,price,high,high price,2,,baseline,2021-06-21 09:36:43.013885
lavish cost,price,high,high price,2,,baseline,2021-06-21 09:36:43.013885
lavish amount,price,high,high price,2,,baseline,2021-06-21 09:36:43.013885
lavish pay,price,high,high price,2,,baseline,2021-06-21 09:36:43.013885
lavish money,price,high,high price,2,,baseline,2021-06-21 09:36:43.013885
lavish spend,price,high,high price,2,,baseline,2021-06-21 09:36:43.013885
lavish charge,price,high,high price,2,,baseline,2021-06-21 09:36:43.013885
costly price,price,high,high price,2,,baseline,2021-06-21 09:36:43.013885
costly cost,price,high,high price,2,,baseline,2021-06-21 09:36:43.013885
costly amount,price,high,high price,2,,baseline,2021-06-21 09:36:43.013885
costly pay,price,high,high price,2,,baseline,2021-06-21 09:36:43.013885
costly money,price,high,high price,2,,baseline,2021-06-21 09:36:43.013885
costly spend,price,high,high price,2,,baseline,2021-06-21 09:36:43.013885
costly charge,price,high,high price,2,,baseline,2021-06-21 09:36:43.013885
don't care price,price,any,any price,3,,baseline,2021-06-21 09:36:43.013885
don't care cost,price,any,any price,3,,baseline,2021-06-21 09:36:43.013885
don't care amount,price,any,any price,3,,baseline,2021-06-21 09:36:43.013885
don't care pay,price,any,any price,3,,baseline,2021-06-21 09:36:43.013885
don't care money,price,any,any price,3,,baseline,2021-06-21 09:36:43.013885
don't care spend,price,any,any price,3,,baseline,2021-06-21 09:36:43.013885
don't care charge,price,any,any price,3,,baseline,2021-06-21 09:36:43.013885
anything price,price,any,any price,3,,baseline,2021-06-21 09:36:43.013885
anything cost,price,any,any price,3,,baseline,2021-06-21 09:36:43.013885
anything amount,price,any,any price,3,,baseline,2021-06-21 09:36:43.013885
anything pay,price,any,any price,3,,baseline,2021-06-21 09:36:43.013885
anything money,price,any,any price,3,,baseline,2021-06-21 09:36:43.013885
anything spend,price,any,any price,3,,baseline,2021-06-21 09:36:43.013885
anything charge,price,any,any price,3,,baseline,2021-06-21 09:36:43.013885
any price,price,any,any price,3,,baseline,2021-06-21 09:36:43.013885
any cost,price,any,any price,3,,baseline,2021-06-21 09:36:43.013885
any amount,price,any,any price,3,,baseline,2021-06-21 09:36:43.013885
any pay,price,any,any price,3,,baseline,2021-06-21 09:36:43.013885
any money,price,any,any price,3,,baseline,2021-06-21 09:36:43.013885
any spend,price,any,any price,3,,baseline,2021-06-21 09:36:43.013885
any charge,price,any,any price,3,,baseline,2021-06-21 09:36:43.013885
whatever price,price,any,any price,3,,baseline,2021-06-21 09:36:43.013885
whatever cost,price,any,any price,3,,baseline,2021-06-21 09:36:43.013885
whatever amount,price,any,any price,3,,baseline,2021-06-21 09:36:43.013885
whatever pay,price,any,any price,3,,baseline,2021-06-21 09:36:43.013885
whatever money,price,any,any price,3,,baseline,2021-06-21 09:36:43.013885
whatever spend,price,any,any price,3,,baseline,2021-06-21 09:36:43.013885
whatever charge,price,any,any price,3,,baseline,2021-06-21 09:36:43.013885
not important price,price,any,any price,3,,baseline,2021-06-21 09:36:43.013885
not important cost,price,any,any price,3,,baseline,2021-06-21 09:36:43.013885
not important amount,price,any,any price,3,,baseline,2021-06-21 09:36:43.013885
not important pay,price,any,any price,3,,baseline,2021-06-21 09:36:43.013885
not important money,price,any,any price,3,,baseline,2021-06-21 09:36:43.013885
not important spend,price,any,any price,3,,baseline,2021-06-21 09:36:43.013885
not important charge,price,any,any price,3,,baseline,2021-06-21 09:36:43.013885
all kinds price,price,any,any price,3,,baseline,2021-06-21 09:36:43.013885
all kinds cost,price,any,any price,3,,baseline,2021-06-21 09:36:43.013885
all kinds amount,price,any,any price,3,,baseline,2021-06-21 09:36:43.013885
all kinds pay,price,any,any price,3,,baseline,2021-06-21 09:36:43.013885
all kinds money,price,any,any price,3,,baseline,2021-06-21 09:36:43.013885
all kinds spend,price,any,any price,3,,baseline,2021-06-21 09:36:43.013885
all kinds charge,price,any,any price,3,,baseline,2021-06-21 09:36:43.013885
all sort price,price,any,any price,3,,baseline,2021-06-21 09:36:43.013885
all sort cost,price,any,any price,3,,baseline,2021-06-21 09:36:43.013885
all sort amount,price,any,any price,3,,baseline,2021-06-21 09:36:43.013885
all sort pay,price,any,any price,3,,baseline,2021-06-21 09:36:43.013885
all sort money,price,any,any price,3,,baseline,2021-06-21 09:36:43.013885
all sort spend,price,any,any price,3,,baseline,2021-06-21 09:36:43.013885
all sort charge,price,any,any price,3,,baseline,2021-06-21 09:36:43.013885
doesn't matter price,price,any,any price,3,,baseline,2021-06-21 09:36:43.013885
doesn't matter cost,price,any,any price,3,,baseline,2021-06-21 09:36:43.013885
doesn't matter amount,price,any,any price,3,,baseline,2021-06-21 09:36:43.013885
doesn't matter pay,price,any,any price,3,,baseline,2021-06-21 09:36:43.013885
doesn't matter money,price,any,any price,3,,baseline,2021-06-21 09:36:43.013885
doesn't matter spend,price,any,any price,3,,baseline,2021-06-21 09:36:43.013885
doesn't matter charge,price,any,any price,3,,baseline,2021-06-21 09:36:43.013885
poor rating,ranking,low,low ranking,4,,baseline,2021-06-21 09:36:43.013885
poor rated,ranking,low,low ranking,4,,baseline,2021-06-21 09:36:43.013885
poor stars,ranking,low,low ranking,4,,baseline,2021-06-21 09:36:43.013885
poor rank,ranking,low,low ranking,4,,baseline,2021-06-21 09:36:43.013885
low rating,ranking,low,low ranking,4,,baseline,2021-06-21 09:36:43.013885
low rated,ranking,low,low ranking,4,,baseline,2021-06-21 09:36:43.013885
low stars,ranking,low,low ranking,4,,baseline,2021-06-21 09:36:43.013885
low rank,ranking,low,low ranking,4,,baseline,2021-06-21 09:36:43.013885
basic rating,ranking,low,low ranking,4,,baseline,2021-06-21 09:36:43.013885
basic rated,ranking,low,low ranking,4,,baseline,2021-06-21 09:36:43.013885
basic stars,ranking,low,low ranking,4,,baseline,2021-06-21 09:36:43.013885
basic rank,ranking,low,low ranking,4,,baseline,2021-06-21 09:36:43.013885
few rating,ranking,low,low ranking,4,,baseline,2021-06-21 09:36:43.013885
few rated,ranking,low,low ranking,4,,baseline,2021-06-21 09:36:43.013885
few stars,ranking,low,low ranking,4,,baseline,2021-06-21 09:36:43.013885
few rank,ranking,low,low ranking,4,,baseline,2021-06-21 09:36:43.013885
minimal rating,ranking,low,low ranking,4,,baseline,2021-06-21 09:36:43.013885
minimal rated,ranking,low,low ranking,4,,baseline,2021-06-21 09:36:43.013885
minimal stars,ranking,low,low ranking,4,,baseline,2021-06-21 09:36:43.013885
minimal rank,ranking,low,low ranking,4,,baseline,2021-06-21 09:36:43.013885
modest rating,ranking,low,low ranking,4,,baseline,2021-06-21 09:36:43.013885
modest rated,ranking,low,low ranking,4,,baseline,2021-06-21 09:36:43.013885
modest stars,ranking,low,low ranking,4,,baseline,2021-06-21 09:36:43.013885
modest rank,ranking,low,low ranking,4,,baseline,2021-06-21 09:36:43.013885
less rating,ranking,low,low ranking,4,,baseline,2021-06-21 09:36:43.013885
less rated,ranking,low,low ranking,4,,baseline,2021-06-21 09:36:43.013885
less stars,ranking,low,low ranking,4,,baseline,2021-06-21 09:36:43.013885
less rank,ranking,low,low ranking,4,,baseline,2021-06-21 09:36:43.013885
ordinary rating,ranking,low,low ranking,4,,baseline,2021-06-21 09:36:43.013885
ordinary rated,ranking,low,low ranking,4,,baseline,2021-06-21 09:36:43.013885
ordinary stars,ranking,low,low ranking,4,,baseline,2021-06-21 09:36:43.013885
ordinary rank,ranking,low,low ranking,4,,baseline,2021-06-21 09:36:43.013885
reasonable rating,ranking,medium,medium ranking,5,,baseline,2021-06-21 09:36:43.013885
reasonable rated,ranking,medium,medium ranking,5,,baseline,2021-06-21 09:36:43.013885
reasonable stars,ranking,medium,medium ranking,5,,baseline,2021-06-21 09:36:43.013885
reasonable rank,ranking,medium,medium ranking,5,,baseline,2021-06-21 09:36:43.013885
standard rating,ranking,medium,medium ranking,5,,baseline,2021-06-21 09:36:43.013885
standard rated,ranking,medium,medium ranking,5,,baseline,2021-06-21 09:36:43.013885
standard stars,ranking,medium,medium ranking,5,,baseline,2021-06-21 09:36:43.013885
standard rank,ranking,medium,medium ranking,5,,baseline,2021-06-21 09:36:43.013885
normal rating,ranking,medium,medium ranking,5,,baseline,2021-06-21 09:36:43.013885
normal rated,ranking,medium,medium ranking,5,,baseline,2021-06-21 09:36:43.013885
normal stars,ranking,medium,medium ranking,5,,baseline,2021-06-21 09:36:43.013885
normal rank,ranking,medium,medium ranking,5,,baseline,2021-06-21 09:36:43.013885
acceptable rating,ranking,medium,medium ranking,5,,baseline,2021-06-21 09:36:43.013885
acceptable rated,ranking,medium,medium ranking,5,,baseline,2021-06-21 09:36:43.013885
acceptable stars,ranking,medium,medium ranking,5,,baseline,2021-06-21 09:36:43.013885
acceptable rank,ranking,medium,medium ranking,5,,baseline,2021-06-21 09:36:43.013885
typical rating,ranking,medium,medium ranking,5,,baseline,2021-06-21 09:36:43.013885
typical rated,ranking,medium,medium ranking,5,,baseline,2021-06-21 09:36:43.013885
typical stars,ranking,medium,medium ranking,5,,baseline,2021-06-21 09:36:43.013885
typical rank,ranking,medium,medium ranking,5,,baseline,2021-06-21 09:36:43.013885
usual rating,ranking,medium,medium ranking,5,,baseline,2021-06-21 09:36:43.013885
usual rated,ranking,medium,medium ranking,5,,baseline,2021-06-21 09:36:43.013885
usual stars,ranking,medium,medium ranking,5,,baseline,2021-06-21 09:36:43.013885
usual rank,ranking,medium,medium ranking,5,,baseline,2021-06-21 09:36:43.013885
medium rating,ranking,medium,medium ranking,5,,baseline,2021-06-21 09:36:43.013885
medium rated,ranking,medium,medium ranking,5,,baseline,2021-06-21 09:36:43.013885
medium stars,ranking,medium,medium ranking,5,,baseline,2021-06-21 09:36:43.013885
medium rank,ranking,medium,medium ranking,5,,baseline,2021-06-21 09:36:43.013885
mediocre rating,ranking,medium,medium ranking,5,,baseline,2021-06-21 09:36:43.013885
mediocre rated,ranking,medium,medium ranking,5,,baseline,2021-06-21 09:36:43.013885
mediocre stars,ranking,medium,medium ranking,5,,baseline,2021-06-21 09:36:43.013885
mediocre rank,ranking,medium,medium ranking,5,,baseline,2021-06-21 09:36:43.013885
common rating,ranking,medium,medium ranking,5,,baseline,2021-06-21 09:36:43.013885
common rated,ranking,medium,medium ranking,5,,baseline,2021-06-21 09:36:43.013885
common stars,ranking,medium,medium ranking,5,,baseline,2021-06-21 09:36:43.013885
common rank,ranking,medium,medium ranking,5,,baseline,2021-06-21 09:36:43.013885
fair rating,ranking,medium,medium ranking,5,,baseline,2021-06-21 09:36:43.013885
fair rated,ranking,medium,medium ranking,5,,baseline,2021-06-21 09:36:43.013885
fair stars,ranking,medium,medium ranking,5,,baseline,2021-06-21 09:36:43.013885
fair rank,ranking,medium,medium ranking,5,,baseline,2021-06-21 09:36:43.013885
mean rating,ranking,medium,medium ranking,5,,baseline,2021-06-21 09:36:43.013885
mean rated,ranking,medium,medium ranking,5,,baseline,2021-06-21 09:36:43.013885
mean stars,ranking,medium,medium ranking,5,,baseline,2021-06-21 09:36:43.013885
mean rank,ranking,medium,medium ranking,5,,baseline,2021-06-21 09:36:43.013885
so-so rating,ranking,medium,medium ranking,5,,baseline,2021-06-21 09:36:43.013885
so-so rated,ranking,medium,medium ranking,5,,baseline,2021-06-21 09:36:43.013885
so-so stars,ranking,medium,medium ranking,5,,baseline,2021-06-21 09:36:43.013885
so-so rank,ranking,medium,medium ranking,5,,baseline,2021-06-21 09:36:43.013885
average rating,ranking,medium,medium ranking,5,,baseline,2021-06-21 09:36:43.013885
average rated,ranking,medium,medium ranking,5,,baseline,2021-06-21 09:36:43.013885
average stars,ranking,medium,medium ranking,5,,baseline,2021-06-21 09:36:43.013885
average rank,ranking,medium,medium ranking,5,,baseline,2021-06-21 09:36:43.013885
moderate rating,ranking,medium,medium ranking,5,,baseline,2021-06-21 09:36:43.013885
moderate rated,ranking,medium,medium ranking,5,,baseline,2021-06-21 09:36:43.013885
moderate stars,ranking,medium,medium ranking,5,,baseline,2021-06-21 09:36:43.013885
moderate rank,ranking,medium,medium ranking,5,,baseline,2021-06-21 09:36:43.013885
neutral rating,ranking,medium,medium ranking,5,,baseline,2021-06-21 09:36:43.013885
neutral rated,ranking,medium,medium ranking,5,,baseline,2021-06-21 09:36:43.013885
neutral stars,ranking,medium,medium ranking,5,,baseline,2021-06-21 09:36:43.013885
neutral rank,ranking,medium,medium ranking,5,,baseline,2021-06-21 09:36:43.013885
general rating,ranking,medium,medium ranking,5,,baseline,2021-06-21 09:36:43.013885
general rated,ranking,medium,medium ranking,5,,baseline,2021-06-21 09:36:43.013885
general stars,ranking,medium,medium ranking,5,,baseline,2021-06-21 09:36:43.013885
general rank,ranking,medium,medium ranking,5,,baseline,2021-06-21 09:36:43.013885
regular rating,ranking,medium,medium ranking,5,,baseline,2021-06-21 09:36:43.013885
regular rated,ranking,medium,medium ranking,5,,baseline,2021-06-21 09:36:43.013885
regular stars,ranking,medium,medium ranking,5,,baseline,2021-06-21 09:36:43.013885
regular rank,ranking,medium,medium ranking,5,,baseline,2021-06-21 09:36:43.013885
boilerplate rating,ranking,medium,medium ranking,5,,baseline,2021-06-21 09:36:43.013885
boilerplate rated,ranking,medium,medium ranking,5,,baseline,2021-06-21 09:36:43.013885
boilerplate stars,ranking,medium,medium ranking,5,,baseline,2021-06-21 09:36:43.013885
boilerplate rank,ranking,medium,medium ranking,5,,baseline,2021-06-21 09:36:43.013885
good rating,ranking,medium,medium ranking,5,,baseline,2021-06-21 09:36:43.013885
good rated,ranking,medium,medium ranking,5,,baseline,2021-06-21 09:36:43.013885
good stars,ranking,medium,medium ranking,5,,baseline,2021-06-21 09:36:43.013885
good rank,ranking,medium,medium ranking,5,,baseline,2021-06-21 09:36:43.013885
premium rating,ranking,high,high ranking,6,,baseline,2021-06-21 09:36:43.013885
premium rated,ranking,high,high ranking,6,,baseline,2021-06-21 09:36:43.013885
premium stars,ranking,high,high ranking,6,,baseline,2021-06-21 09:36:43.013885
premium rank,ranking,high,high ranking,6,,baseline,2021-06-21 09:36:43.013885
high rating,ranking,high,high ranking,6,,baseline,2021-06-21 09:36:43.013885
high rated,ranking,high,high ranking,6,,baseline,2021-06-21 09:36:43.013885
high stars,ranking,high,high ranking,6,,baseline,2021-06-21 09:36:43.013885
high rank,ranking,high,high ranking,6,,baseline,2021-06-21 09:36:43.013885
excellent rating,ranking,high,high ranking,6,,baseline,2021-06-21 09:36:43.013885
excellent rated,ranking,high,high ranking,6,,baseline,2021-06-21 09:36:43.013885
excellent stars,ranking,high,high ranking,6,,baseline,2021-06-21 09:36:43.013885
excellent rank,ranking,high,high ranking,6,,baseline,2021-06-21 09:36:43.013885
fine rating,ranking,high,high ranking,6,,baseline,2021-06-21 09:36:43.013885
fine rated,ranking,high,high ranking,6,,baseline,2021-06-21 09:36:43.013885
fine stars,ranking,high,high ranking,6,,baseline,2021-06-21 09:36:43.013885
fine rank,ranking,high,high ranking,6,,baseline,2021-06-21 09:36:43.013885
top rating,ranking,high,high ranking,6,,baseline,2021-06-21 09:36:43.013885
top rated,ranking,high,high ranking,6,,baseline,2021-06-21 09:36:43.013885
top stars,ranking,high,high ranking,6,,baseline,2021-06-21 09:36:43.013885
top rank,ranking,high,high ranking,6,,baseline,2021-06-21 09:36:43.013885
best rating,ranking,high,high ranking,6,,baseline,2021-06-21 09:36:43.013885
best rated,ranking,high,high ranking,6,,baseline,2021-06-21 09:36:43.013885
best stars,ranking,high,high ranking,6,,baseline,2021-06-21 09:36:43.013885
best rank,ranking,high,high ranking,6,,baseline,2021-06-21 09:36:43.013885
upscale rating,ranking,high,high ranking,6,,baseline,2021-06-21 09:36:43.013885
upscale rated,ranking,high,high ranking,6,,baseline,2021-06-21 09:36:43.013885
upscale stars,ranking,high,high ranking,6,,baseline,2021-06-21 09:36:43.013885
upscale rank,ranking,high,high ranking,6,,baseline,2021-06-21 09:36:43.013885
upper class rating,ranking,high,high ranking,6,,baseline,2021-06-21 09:36:43.013885
upper class rated,ranking,high,high ranking,6,,baseline,2021-06-21 09:36:43.013885
upper class stars,ranking,high,high ranking,6,,baseline,2021-06-21 09:36:43.013885
upper class rank,ranking,high,high ranking,6,,baseline,2021-06-21 09:36:43.013885
great rating,ranking,high,high ranking,6,,baseline,2021-06-21 09:36:43.013885
great rated,ranking,high,high ranking,6,,baseline,2021-06-21 09:36:43.013885
great stars,ranking,high,high ranking,6,,baseline,2021-06-21 09:36:43.013885
great rank,ranking,high,high ranking,6,,baseline,2021-06-21 09:36:43.013885
best rating,ranking,high,high ranking,6,,baseline,2021-06-21 09:36:43.013885
best rated,ranking,high,high ranking,6,,baseline,2021-06-21 09:36:43.013885
best stars,ranking,high,high ranking,6,,baseline,2021-06-21 09:36:43.013885
best rank,ranking,high,high ranking,6,,baseline,2021-06-21 09:36:43.013885
prestige rating,ranking,high,high ranking,6,,baseline,2021-06-21 09:36:43.013885
prestige rated,ranking,high,high ranking,6,,baseline,2021-06-21 09:36:43.013885
prestige stars,ranking,high,high ranking,6,,baseline,2021-06-21 09:36:43.013885
prestige rank,ranking,high,high ranking,6,,baseline,2021-06-21 09:36:43.013885
deluxe rating,ranking,high,high ranking,6,,baseline,2021-06-21 09:36:43.013885
deluxe rated,ranking,high,high ranking,6,,baseline,2021-06-21 09:36:43.013885
deluxe stars,ranking,high,high ranking,6,,baseline,2021-06-21 09:36:43.013885
deluxe rank,ranking,high,high ranking,6,,baseline,2021-06-21 09:36:43.013885
competitive rating,ranking,high,high ranking,6,,baseline,2021-06-21 09:36:43.013885
competitive rated,ranking,high,high ranking,6,,baseline,2021-06-21 09:36:43.013885
competitive stars,ranking,high,high ranking,6,,baseline,2021-06-21 09:36:43.013885
competitive rank,ranking,high,high ranking,6,,baseline,2021-06-21 09:36:43.013885
don't care rating,ranking,any,any ranking,7,,baseline,2021-06-21 09:36:43.013885
don't care rated,ranking,any,any ranking,7,,baseline,2021-06-21 09:36:43.013885
don't care stars,ranking,any,any ranking,7,,baseline,2021-06-21 09:36:43.013885
don't care rank,ranking,any,any ranking,7,,baseline,2021-06-21 09:36:43.013885
anything rating,ranking,any,any ranking,7,,baseline,2021-06-21 09:36:43.013885
anything rated,ranking,any,any ranking,7,,baseline,2021-06-21 09:36:43.013885
anything stars,ranking,any,any ranking,7,,baseline,2021-06-21 09:36:43.013885
anything rank,ranking,any,any ranking,7,,baseline,2021-06-21 09:36:43.013885
any rating,ranking,any,any ranking,7,,baseline,2021-06-21 09:36:43.013885
any rated,ranking,any,any ranking,7,,baseline,2021-06-21 09:36:43.013885
any stars,ranking,any,any ranking,7,,baseline,2021-06-21 09:36:43.013885
any rank,ranking,any,any ranking,7,,baseline,2021-06-21 09:36:43.013885
whatever rating,ranking,any,any ranking,7,,baseline,2021-06-21 09:36:43.013885
whatever rated,ranking,any,any ranking,7,,baseline,2021-06-21 09:36:43.013885
whatever stars,ranking,any,any ranking,7,,baseline,2021-06-21 09:36:43.013885
whatever rank,ranking,any,any ranking,7,,baseline,2021-06-21 09:36:43.013885
not important rating,ranking,any,any ranking,7,,baseline,2021-06-21 09:36:43.013885
not important rated,ranking,any,any ranking,7,,baseline,2021-06-21 09:36:43.013885
not important stars,ranking,any,any ranking,7,,baseline,2021-06-21 09:36:43.013885
not important rank,ranking,any,any ranking,7,,baseline,2021-06-21 09:36:43.013885
all kinds rating,ranking,any,any ranking,7,,baseline,2021-06-21 09:36:43.013885
all kinds rated,ranking,any,any ranking,7,,baseline,2021-06-21 09:36:43.013885
all kinds stars,ranking,any,any ranking,7,,baseline,2021-06-21 09:36:43.013885
all kinds rank,ranking,any,any ranking,7,,baseline,2021-06-21 09:36:43.013885
all sort rating,ranking,any,any ranking,7,,baseline,2021-06-21 09:36:43.013885
all sort rated,ranking,any,any ranking,7,,baseline,2021-06-21 09:36:43.013885
all sort stars,ranking,any,any ranking,7,,baseline,2021-06-21 09:36:43.013885
all sort rank,ranking,any,any ranking,7,,baseline,2021-06-21 09:36:43.013885
doesn't matter rating,ranking,any,any ranking,7,,baseline,2021-06-21 09:36:43.013885
doesn't matter rated,ranking,any,any ranking,7,,baseline,2021-06-21 09:36:43.013885
doesn't matter stars,ranking,any,any ranking,7,,baseline,2021-06-21 09:36:43.013885
doesn't matter rank,ranking,any,any ranking,7,,baseline,2021-06-21 09:36:43.013885
